kind,lat,lon,name
Gym,39.874863,-75.243795,Available blitz pink
Gym,39.90683,-75.176208,Eagles Nova care Complex
EX Raid Gym,39.903853,-75.18166,Edgewood Lake Boat House
Gym,39.89876,-75.234024,Electric Motor Artwork
Gym,39.903678,-75.177395,FDR Park Playground
Gym,39.888596,-75.232706,Hilton Inn Sculpture
Gym,39.872574,-75.189979,Jim Gormley Jr. Memorial
Gym,39.913638,-75.178185,Saint Richard Catholic Church
Gym,39.899169,-75.179744,Skate Park at FDR Park
Gym,39.89852,-75.194227,Tastykake Factory Photo
EX Raid Gym,39.874801,-75.178415,West Deptford Boat Ramp
Gym,39.916917,-75.171129,Broad and Oregon Subway
Gym,39.905692,-75.167533,Citizens Bank Park
Gym,39.903394,-75.170441,Dr. J
Gym,39.901021,-75.16511,EAGLES Mural
Gym,39.902272,-75.167985,Lincoln Financial Field
EX Raid Gym,39.914398,-75.170999,Marconi East Playground
Gym,39.901152,75.172003,Philadelphia 76ers Arena
Gym,39.901145,-75.1719,Wells Fargo Center
PokeStop,39.906746,-75.166545,Ashburn Alley
PokeStop,39.905443,-75.166771,Cbp Mosaic
PokeStop,39.906224,-75.167568,Connie Mack Stadium
PokeStop,39.90682,-75.165926,Liberty Bell
PokeStop,39.890746,-75.23209,Lion Chair
PokeStop,39.898406,-75.233304,Metal Landscape Sculpture
PokeStop,39.904973,-75.16813,Mike Schmidt Statue
PokeStop,39.890555,-75.231161,Motivational Mural at Sheraton
PokeStop,39.912611,-75.182313,Penrose Diner
PokeStop,39.906371,-75.16536,Phanatic Climbijg Wall
PokeStop,39.905308,-75.165384,Phillie Phanatic
PokeStop,39.876006,-75.248843,Preamble to the Constitution
PokeStop,39.891188,-75.233485,Rising Sun
PokeStop,39.904847,-75.165832,Robin Roberts Statue
PokeStop,39.876204,-75.248682,Signers of the Constitution
PokeStop,39.906777,-75.165243,The Yard
Nest,39.901099,-75.17166,Pokemon Nest
Gym,39.904469,-75.164831,Citizens Bank Park
EX Raid Gym,39.915856,-75.15418,Everyday Heroes
Gym,39.913105,-75.164888,Little Flower Perpetual Adoration Chapel
Gym,39.914269,-75.147469,Steel Wheels Bicycle
Gym,39.914719,-75.156223,Walt Whitman
Gym,39.917253,-75.154651,You Give the World More Color
Gym,39.953611,-75.187243,"""Drexel Institute"" Main Building"
Gym,39.925972,-75.183023,Adulam Church
Gym,39.94483,-75.223603,Agape Love Ministries Church
Gym,39.942129,-75.179948,Alley Statue
EX Raid Gym,39.947586,-75.210626,Amare Solomon Memorial
Gym,39.931833,-75.179978,Ame Church
Gym,39.955086,-75.16932,Arch Street Presbyterian Church
EX Raid Gym,39.948489,-75.158522,Ars Medendi
Gym,39.9313,-75.154789,Awesome Dudes Printing
Gym,39.930983,-75.156468,Bad Touch Mural
EX Raid Gym,39.96072,-75.171906,Barnes Totem
Gym,39.949113,-75.160319,Beasley Building Mural
Gym,39.952165,-75.197039,Ben Franklin Statue
Gym,39.958111,-75.173009,Ben Franklin Statue - Franklin Institute
Gym,39.925498,-75.159706,Bok Tech
Gym,39.943536,-75.1641,Boom Box Ben
Gym,39.93651,-75.166869,Broad Street Subway Ellsworth Station
EX Raid Gym,39.952233,-75.193525,Broken Button by Claes Oldenburg
EX Raid Gym,39.945394,-75.17983,Catharine Thorn Fountain
Gym,39.948963,-75.215388,Cedar Point Park
EX Raid Gym,39.959388,-75.17108,Central Library
Gym,39.948059,-75.195295,Children's Hospital Panda Statue
Gym,39.953693,-75.156065,Chinatown Painted Arch
Gym,39.957275,-75.182109,Cira Centre
Gym,39.95153,-75.163865,City Hall
Gym,39.951977,-75.186862,Class of 1923 Ice Skating Rink
Gym,39.95495,-75.168314,Comcast Center
Gym,39.935399,-75.194142,Common Ground Mural
Gym,39.95712,-75.202791,Community Mural
Gym,39.930132,-75.161776,Dog Statue
Gym,39.944044,-75.209177,Doorway to Achievement
Gym,39.948058,-75.201426,Dr. Thomas William Evans
EX Raid Gym,39.9546,-75.186062,Drexel Clock
Gym,39.953297,-75.220084,Education Is a Message
Gym,39.938187,-75.178244,Ellsworth Mural
Gym,39.921244,-75.156677,Emanuel weinberg park
Gym,39.952333,-75.190254,ENIAC
Gym,39.952766,-75.173416,Faces of Ranstead Mural
Gym,39.950592,-75.175506,First Presbyterian Church in Philadelphia
Gym,39.951168,-75.17939,Flowers and Butterflies Mural
Gym,39.958843,-75.217173,For What I Want I Can Wait
Gym,39.95783,-75.173918,Franklin Institute Playground
EX Raid Gym,39.947064,-75.152965,Freedom is a Light
EX Raid Gym,39.91988,-75.17031,Fumo Library
Gym,39.937101,-75.168834,Gator Ball
Gym,39.9337,-75.15891,Geno's Steaks
Gym,39.958178,-75.189043,Geometric Shapes Mural
Gym,39.933793,-75.177383,God Answers Prayer
Gym,39.922841,-75.156687,"Godliness,peace,Truth"
Gym,39.934464,-75.175619,Gospel Temple Baptist Church
EX Raid Gym,39.942541,-75.198782,Grays Ferry Crescent Marker
EX Raid Gym,39.943132,-75.19987,Grays Ferry Fishing Pier
Gym,39.938361,-75.198798,Grays Ferry Mural
Gym,39.955142,-75.199233,Hamilton Court
Gym,39.928385,-75.171188,Hardena
Gym,39.951183,-75.205861,Herman Herzog House
Gym,39.927514,-75.171209,Hicks Street Garden
Gym,39.923923,-75.187211,Holy Ghost Byzantine Catholic Church
Gym,39.951407,-75.198916,Homage To Georgia O'Keefe
Gym,39.936222,-75.193809,In a Child's World Mural
Gym,39.929176,-75.17693,Indonesian Christian Church
Gym,39.959894,-75.162202,Inquirer Building
Gym,39.929814,-75.168242,International Bethel Church
Gym,39.952133,-75.214244,Iron Butterfly with Bling
Gym,39.957642,-75.188665,James E Marks Intercultural Center
Gym,39.936318,-75.18382,Jesus Living Bread Community Church
Gym,39.922871,-75.164993,Jesus's Garden
EX Raid Gym,39.951859,-75.169036,John Collins Fountain
Gym,39.951581,-75.169125,John F. Collins Park Gate
Gym,39.959162,-75.190419,Kelly Hall
Gym,39.939426,-75.180109,Kermit's Flower Mural
Gym,39.947041,-75.200386,Kuxang Yongchu Memorial
Gym,39.954257,-75.179845,Lamp on Market Street Bridge
Gym,39.959269,-75.168178,LDS Temple
Gym,39.952438,-75.197181,Leaf Globe Fountain
Gym,39.959707,-75.22148,Love Letter #10 - See Me Like I See You
EX Raid Gym,39.954104,-75.165507,Love Park Statue
Gym,39.922936,-75.159194,Lovely Baptist Church
Gym,39.948138,-75.155504,Man Losing His Mind and Fishes
Gym,39.953652,-75.175656,Mapping Freire
Gym,39.933208,-75.167935,Mario Lanza Mural
Gym,39.955437,-75.189314,"Mario the Magnificent, Drexel Dragon"
Gym,39.928019,-75.16577,Marra's Pizzeria
Gym,39.958359,-75.213448,Max Paul Park
Gym,39.918689,-75.17583,Mccusker's Tavern
Gym,39.95334,-75.169563,Mellon Center
Gym,39.960875,-75.213183,Mendela
Gym,39.922247,-75.173627,Mi Pals Deli
Gym,39.953611,-75.187243,"Drexel Institute"" Main Building"
Gym,39.920865,-75.114915,Antioch Baptist Church
Gym,39.952171,-75.146066,Arch Street Friends
Gym,39.928489,-75.148504,C. W. V. Post # 652 St. Casimir
Gym,39.945033,-75.116697,Camden Wall Mural
Gym,39.952459,-75.14834,Christ Church Burial Ground
Gym,39.961136,-75.147375,Cubus Assemblage
Gym,39.951933,-75.144017,Cyrus Bustill
Gym,39.960227,-75.145068,David Bustil Bowser
Gym,39.932497,-75.141865,From River to Sea and Back
Gym,39.949029,-75.14998,George Washington Statue at Independence Hall
Gym,39.946371,-75.141223,Gozzor Gate
Gym,39.929041,-75.151865,Grindcore House
Gym,39.924053,-75.147743,HMS Monarch
Gym,39.92189,-75.11961,Holy Bethel Pentecostal Temple
Gym,39.936108,-75.150332,In Memory of Michael Donnelly
Gym,39.948812,-75.150003,Independence Hall
Gym,39.940806,-75.14951,Jon 1978-2010
Gym,39.94452,-75.14465,Man Full of Trouble
Gym,39.931152,-75.116841,Masonic Center 1966
Gym,39.939755,-75.149722,Maxie's Daughter
Gym,39.942459,-75.141277,Moshulu
Gym,39.954111,-75.11497,Mount Carmel Holy Church
Gym,39.931264,-75.150685,Mr. Telephone Pole
Gym,39.946276,-75.177806,New Central Baptist Church
Gym,39.948028,-75.162746,New Century Guild
Gym,39.930324,-75.110382,New covenant Baptist church
Gym,39.938027,-75.14842,New Wave Cafe
Gym,39.948858,-75.145868,On this Site in 1897 Nothing Happened
Gym,39.923654,-75.16223,Original Toynbee Tile
Gym,39.923348,-75.145449,Our Urban Landscape
Gym,39.936682,-75.154506,Party Animal
Gym,39.933178,-75.159219,Pat's King of Steaks
Gym,39.949276,-75.171772,Peace Be With You
Gym,39.930865,-75.188808,Peaceable Playground
Gym,39.937518,-75.141965,Penn's Landing Heliport Mural
Gym,39.955631,-75.181498,Pennsylvania Railroad Employee
Gym,39.947751,-75.191983,Perelman Cancer Center Mural
Gym,39.952509,-75.164777,Philadelphia City Hall
Gym,39.947227,-75.145749,Philadelphia Exchange
Gym,39.948198,-75.16197,Philadelphia Muses
Gym,39.945427,-75.143958,Phoenix Rising
Gym,39.926093,-75.188251,Point Breeze Post Office
Gym,39.958714,-75.199071,Presbyterian Nurses' Memorial
EX Raid Gym,39.937905,-75.181295,QueenMem Branch
Gym,39.942451,-75.156656,Rain Sky
EX Raid Gym,39.954844,-75.149574,Ralph Modjeski
Gym,39.950329,-75.148836,Religious Liberty
EX Raid Gym,39.950182,-75.172608,Rittenhouse Moonlight Fountain
Gym,39.949642,-75.142457,Robert Aitken
EX Raid Gym,39.94771,-75.148501,Robert Morris (1734 - 1806)
Gym,39.940981,-75.16682,Rosewood Street Music Mural
Gym,39.930119,-75.150165,Sacred Heart of Jesus Catholic Church
Gym,39.91878,-75.174504,Saint Monica Recreation Center
Gym,39.936471,-75.173759,Sardine Bar Mural
EX Raid Gym,39.959573,-75.199135,Saunders Park Greene
Gym,39.929907,-75.163208,Singing Fountain
EX Raid Gym,39.920117,-75.182819,Smokehouse
Gym,39.934165,-75.147275,Snockey's Oyster & Crab House Since 1912
Gym,39.94303,-75.145277,Society Hill / The New Market
Gym,39.921286,-75.146507,South Philadelphia Asthma Mural
Gym,39.923923,-75.169423,South Philadelphia Education
Gym,39.947352,-75.187656,South Street Bridge
Gym,39.95873,-75.162385,Sphas Basketball Team
Gym,39.956042,-75.182178,Spirit of Transportation
Gym,39.960655,-75.140659,Spring Garden Station
Gym,39.943739,-75.173126,St Mary's Chapel
EX Raid Gym,39.930086,-75.173833,St Thomas Aquinas Roman Catholic Church
Gym,39.92542,-75.150682,Standing Together Sculpture
EX Raid Gym,39.95482,-75.18584,Starbucks
EX Raid Gym,39.947714,-75.193595,Starbucks
EX Raid Gym,39.941727,-75.14905,Starbucks
EX Raid Gym,39.952196,-75.160984,Starbucks
EX Raid Gym,39.952073,-75.14509,Starbucks
Gym,39.952698,-75.117244,State Street methodist church
EX Raid Gym,39.920401,-75.183231,Stephen Girard
Gym,39.941003,-75.142886,Strolling 2
Gym,39.94396,-75.167509,Surreal Celebration Mural
Gym,39.941207,-75.148083,Swallowing The Rhino Mural
Gym,39.921894,-75.15132,Synder avenue congressional church
Gym,39.941892,-75.151859,Tattooed Mom
Gym,39.947521,-75.169878,Tenth Presbyterian Church
Gym,39.922069,-75.152806,Terryin Sushi Bar
Gym,39.948424,-75.169359,The Black Sheep
Gym,39.925671,-75.160875,The Hoagie Man
Gym,39.952632,-75.176783,The Knoll Source
EX Raid Gym,39.949503,-75.150293,The Liberty Bell
Gym,39.930858,-75.162095,The P.O.P.E.
Gym,39.925424,-75.149805,The pirates nya
Gym,39.938069,-75.156509,The Procession of Mary Magdalen de Pazzi
Gym,39.952638,-75.189834,The Structure of Matter
Gym,39.958724,-75.173454,The Train Factory
Gym,39.94355,-75.165319,The University of the Arts
EX Raid Gym,39.948374,-75.157626,The Winged Ox
Gym,39.941723,-75.156754,Thoughts of a Plant Mural
Gym,39.955075,-75.154145,Tree of Life Tiles
Gym,39.936804,-75.146686,Tree Wall Art
Gym,39.948487,-75.178038,Trinity Memorial Church
Gym,39.93502,-75.153996,Wall Art
EX Raid Gym,39.957393,-75.190907,Walter Golaski Historic Sign
Gym,39.947032,-75.152307,Washington Square Fountain
Gym,39.938783,-75.176447,Watphouthathammaram Buddhist Temple
Gym,39.954507,-75.191921,Wave Forms
EX Raid Gym,39.926427,-75.140412,Welcome to the Delaware River Trail
Gym,39.951294,-75.193906,William Pepper Statue
Gym,39.957897,-75.160031,Wilt Chamberlain Mural
Gym,39.948956,-75.162299,Woody's
EX Raid Gym,39.947979,-75.157621,Words Are Good
Gym,39.942974,-75.175751,Yoga Mural
PokeStop,39.951783,-75.163629,African Female Caryatid
PokeStop,39.951962,-75.164433,Agriculture Relief: Food Crops
PokeStop,39.920615,-75.155314,Alain Leroy locke
PokeStop,39.95087,-75.164522,Allow Me Sculpture
PokeStop,39.948426,-75.149074,APS Library
PokeStop,39.922993,-75.158522,Bird on the wall
PokeStop,39.921018,-75.164326,Bomb Bomb Bar B Que Grill
PokeStop,39.949803,-75.167429,Brown Brothers Harriman and Company
PokeStop,39.919035,-75.15761,Buddhist Temple
PokeStop,39.918887,-75.157589,Buddhist temple mural
PokeStop,39.919669,-75.155776,C.Milburn Basketball Court
PokeStop,39.923396,-75.161451,ChalkLines From The Neck Up Barber Shop
PokeStop,39.93793,-75.174403,Chew Rec Mural
PokeStop,39.922898,-75.15709,Child Mural
PokeStop,39.952253,-75.164837,City Hall History Plaques
PokeStop,39.923186,-75.16284,clevemore fancy brigade
PokeStop,39.923585,-75.164584,Climb
PokeStop,39.948314,-75.15018,"Commodore John Barry, U. S. N."
PokeStop,39.951213,-75.167306,Decorative Bus Stop
PokeStop,39.949908,-75.165165,Do Not Tell
PokeStop,39.921812,-75.160056,El
PokeStop,39.952965,-75.164594,Emancipation Proclamation Fountain
PokeStop,39.950611,-75.165614,Engraved Crest
PokeStop,39.920319,-75.158983,Fables of fortune
PokeStop,39.922898,-75.157605,Family
PokeStop,39.951607,-75.165617,Fountain Sculpture
PokeStop,39.921012,-75.160555,Francis Scott
PokeStop,39.919619,-75.161977,Frangelli's Bakery
PokeStop,39.922281,-75.156623,Galilee christian hope baptist church
PokeStop,39.952447,-75.165579,Giant Clothes Pin
PokeStop,39.949823,-75.164278,Gray Reserves Memorial
PokeStop,39.923828,-75.162647,IDK
PokeStop,39.948259,-75.149761,Independence Park Map
PokeStop,39.918805,-75.156977,Joe B Wheatpaste
PokeStop,39.950416,-75.166972,Ladder 15
PokeStop,39.95121,-75.14638,Laddermen Memorial
PokeStop,39.920409,-75.170758,Lighthouse Baptist Church
PokeStop,39.921051,-75.163189,Los Gallos
PokeStop,39.949649,-75.166105,Louis I. Kahn
PokeStop,39.952603,-75.16501,Market Frankford Line
PokeStop,39.919455,-75.156548,Mifflin square
PokeStop,39.952584,-75.166295,Milord La Chamarre
PokeStop,39.922219,-75.155218,Mt.enon baptist church
PokeStop,39.921759,-75.155513,Nest observatory
PokeStop,39.937157,-75.175041,Network Effects Mural
PokeStop,39.94214,-75.180979,New Temple Baptist Church
PokeStop,39.920335,-75.157621,Philadelphia cambodian
PokeStop,39.950878,-75.164919,Philadelphia Electric and Technical Charter High School
PokeStop,39.921569,-75.158576,Philly Mural art
PokeStop,39.942295,-75.179242,Play
PokeStop,39.949704,-75.166555,PNC Bank Clock
PokeStop,39.921064,-75.174382,Potito's
PokeStop,39.920995,-75.175815,Protector of the Family
PokeStop,39.92238,-75.154821,restoration
PokeStop,39.919488,-75.165238,rybell blvd
PokeStop,39.948106,-75.147981,Second Bank Sign
PokeStop,39.941759,-75.17943,Side car
PokeStop,39.95005,-75.164203,Soldier Man
PokeStop,39.936885,-75.174763,Solid Rock Baptist Church
PokeStop,39.923215,-75.161247,South Philadelphia Prayer
PokeStop,39.930019,-75.110328,St Joseph church
PokeStop,39.930488,-75.109974,St Joseph Roman Catholic church
PokeStop,39.920624,-75.175605,St. Monica Church
PokeStop,39.949254,-75.164568,Starbucks
PokeStop,39.952669,-75.166767,Starbucks
PokeStop,39.950834,-75.199111,Steel Goose Sculpture
PokeStop,39.921605,-75.178593,Tap Room On 19th
PokeStop,39.921211,-75.175423,Tommy Loughran
PokeStop,39.951772,-75.16531,Triune
PokeStop,39.9515,-75.164466,True Heroes
PokeStop,39.951685,-75.16715,Two Liberty Place
PokeStop,39.952103,-75.166902,Underground Cityscape Mural
PokeStop,39.950315,-75.165372,Union League of Philadelphia
PokeStop,39.922721,-75.166161,wayside shrine
PokeStop,39.936848,-75.173642,Welcome Galilee Church
PokeStop,39.920352,-75.159649,YPC
Nest,39.952694,-75.194364,Pokemon Nest
Nest,39.947952,-75.181223,Pokemon Nest
Nest,39.949727,-75.17167,Pokemon Nest
Nest,39.948622,-75.197548,Pokemon Nest
Nest,39.94665,-75.15199,Pokemon Nest
Nest,39.951277,-75.189576,Pokemon Nest
Nest,39.952139,-75.164874,Pokemon Nest
Nest,39.948734,-75.150454,Pokemon Nest
Nest,39.933302,-75.150146,Pokemon Nest
Gym,39.965044,-75.215382,A Bug's Life Mural
Gym,39.968033,-75.209721,A Spiritual Journey Elevates The Mind Mural
Gym,39.976382,-75.224299,Abstract Music Mural
Gym,39.965238,-75.205963,Art Makes Me Confident Mural
Gym,39.97434,-75.204847,Black Family Reunion Celebration Mural
Gym,39.9738,-75.195291,Channel 6 Zooballoon
Gym,40.007397,-75.212257,Chipotle Local Artwork
Gym,39.964494,-75.210034,Christian Fellowship Community Church
Gym,39.965963,-75.221569,Entropy
EX Raid Gym,39.968955,-75.184288,Fountain In the Azalea Garden
Gym,39.97461,-75.197335,Gazelle
Gym,39.963467,-75.187538,Iron Tadpoles
EX Raid Gym,39.973953,-75.190536,James Abrams Garfield Statue
Gym,39.96293,-75.216359,Jehovah Jireh Baptist Church
EX Raid Gym,39.970771,-75.189697,Lemon Hill Gazebo
Gym,39.96722,-75.192383,Light of Day Mural
Gym,39.976714,-75.266596,Living Water Baptist Church
Gym,39.971117,-75.197239,Mayan Jaguar
Gym,39.964322,-75.189958,Memorial Mural
Gym,39.967434,-75.215107,Mount Hope Baptist Church of Faith
Gym,39.992651,-75.255136,Philadelphia Archdiocesan Hist
Gym,39.971833,-75.203686,Reading a Journey
Gym,39.965588,-75.27979,St. George Orthodox Church
Gym,39.967524,-75.217854,Steam of Life Mural
EX Raid Gym,39.979396,-75.194107,The Cliffs
Gym,39.96814,-75.210659,Tribute to Alex Scott Mural
Gym,39.964959,-75.180033,Washington Monument
PokeStop,39.962944,-75.236598,51 n 58th st
PokeStop,39.969372,-75.194477,Baby Animals Archway
PokeStop,39.969989,-75.189921,Boathouse Row Lighthouse
PokeStop,40.00425,-75.200058,BRIDGE #704
PokeStop,39.969577,-75.194429,Bronze Hippo
PokeStop,39.970109,-75.19389,Bronze Otter
PokeStop,39.969741,-75.195861,Eagles Casting
PokeStop,39.970502,-75.195848,Edward Keller Vista
PokeStop,39.970276,-75.179797,Glass Wall Art
PokeStop,39.969501,-75.19542,Greener Gardens Statue
PokeStop,39.970762,-75.194152,HIPPO
PokeStop,39.97065,-75.195246,McNeil Avian Center
PokeStop,39.968999,-75.193731,Metal Artwork
PokeStop,39.974223,-75.268397,Overbrook Park Church
PokeStop,39.969384,-75.193236,Peacock Gate
PokeStop,40.003373,-75.210188,Sharon Baptist Church of Philadelphia
PokeStop,40.006493,-75.21245,Starbucks
PokeStop,39.97017,-75.194961,Wolves Hunting
PokeStop,39.972452,-75.268658,Wyndale Gardens & Trail
Gym,39.974349,-75.130241,18th Ward World War Memorial
Gym,39.976487,-75.140401,3rd Street Holy Church
Gym,39.999857,-75.121003,All Dogs Go To Heaven
Gym,39.970313,-75.151618,Around The Clock Daycare Mural
Gym,39.967511,-75.134503,Barcade
Gym,39.981159,-75.157128,Barrack Hall
Gym,39.96646,-75.141597,Be My Rose
Gym,39.984777,-75.156311,Berean Presbyterian Church
Gym,39.972404,-75.158932,Broad Street Trust Building Mural
Gym,39.976469,-75.164048,Cecil Bassett Moore Mural
Gym,39.97377,-75.139808,Cheetah And Roses Mural
Gym,39.985684,-75.16335,Church of the Advocate
Gym,39.973241,-75.165298,Church of the Gesu
Gym,39.972077,-75.159673,Civil Rights Leaders Mural
Gym,39.966744,-75.160196,Divine Lorraine Hotel
Gym,39.969753,-75.139591,Don Quijote de la Mancha Statue
Gym,39.976907,-75.148766,Dr and Rev William Herbert Gray
Gym,39.967564,-75.172554,Eastern State Penitentiary
Gym,39.986756,-75.148955,Ebenezer Baptist Church
Gym,39.981277,-75.170926,Emmanuel Institutional Baptist Church
Gym,39.989867,-75.160553,Emmanuel United Methodist Church
Gym,39.988667,-75.152535,Flowering Tree Mural
Gym,39.989057,-75.155369,Food for Life Building
Gym,39.990284,-75.161816,Foster Memorial Baptist
Gym,39.981329,-75.15546,Founders Park
Gym,39.972094,-75.149786,Girard Medical Center Mural
Gym,39.975252,-75.132671,Green Art a la Sweens
Gym,39.984382,-75.156839,Grover Washington Mural
Gym,40.000819,-75.108536,Harrowgate Mural
Gym,39.98492,-75.148698,Home of the Sepia Gladiator
Gym,39.983977,-75.146356,Houses
Gym,39.966248,-75.137282,Immaculate Conception
Gym,40.007763,-75.143394,Joseph
Gym,39.988528,-75.148185,Jump Rope Mural
Gym,39.969449,-75.160174,Knights of Labor National HQ
Gym,39.980061,-75.169117,Macedonia Free Will Baptist Church
Gym,39.97577,-75.130911,Milk Bottle Silhouette Mural
Gym,39.980926,-75.160804,Montgomery Street Mural
Gym,39.988437,-75.14947,Mt. Calvary Baptist Church
Gym,39.964606,-75.161226,Old Zion Lutheran
Gym,39.986083,-75.165779,Open Space Mural
Gym,39.978616,-75.166148,Opportunities Industrialization Centers
Gym,39.975435,-75.129361,Palmer Cemetery
Gym,39.974933,-75.132537,Palmer Park Gym
Gym,39.982974,-75.155368,Peleg Spire Art
Gym,39.988649,-75.150735,Philly's Hidden Zoo
EX Raid Gym,39.965112,-75.17925,Rocky Statue
Gym,39.972974,-75.145993,Sixth St. Mural
Gym,39.973396,-75.138671,St Michael's Church
EX Raid Gym,39.966505,-75.179272,St. Joan of Arc Statue
Gym,39.970227,-75.134954,St. John Memorial Baptist Church
Gym,39.966625,-75.145798,St. John Nuemann’s St Mosaic
Gym,39.976746,-75.129305,St. Laurentius Church
Gym,39.984047,-75.150247,Temple Leaning Building
Gym,39.981352,-75.149605,Temple Rail Station
Gym,39.980838,-75.149833,Temple Station Collage
Gym,39.962854,75.177298,The Binswanger Triangle
Gym,39.98207,-75.14751,The Church of Christ
Gym,39.978167,-75.159274,The Edge Village
Gym,39.979605,-75.157858,The Liacouras Center
Gym,39.976318,-75.158569,The Original Apostolic Faith Church of the Lord Jesus Christ
Gym,39.977897,-75.136823,Tilghman Street Art
Gym,39.964458,-75.140498,Tropical Light Post
EX Raid Gym,39.970491,-75.162776,True Gospel Baptist Church
Gym,39.980693,-75.162796,Wagner Free Institute of Science
Gym,39.972391,-75.134289,Wish You Well Corner Park
PokeStop,39.96509,-75.137548,"""Recycle"""
PokeStop,39.97831,-75.156268,1300 Residence Hall
PokeStop,39.983216,-75.147644,8th and Diamond Rec Center Mural
PokeStop,39.963865,-75.144626,African Zoar Methodist Episcopal Church
PokeStop,39.973954,-75.159082,Ali vs Frazier Mural
PokeStop,39.979305,-75.157237,Alice Tully Chamber Music
PokeStop,39.980023,-75.155511,Alter Hall Engraving
PokeStop,39.980725,-75.156399,Alter Hall Owl Sculpture
PokeStop,39.964673,-75.141516,America's First Lager
PokeStop,39.980973,-75.152789,Anderson Hall
PokeStop,39.97087,-75.155916,Apostolic Assembly
PokeStop,39.983739,-75.154417,Architecture Stone - Temple University
PokeStop,39.970541,-75.160384,Art Deco Facade
PokeStop,39.963167,-75.135514,Bamboo Bar
PokeStop,39.96496,-75.142338,Battered Woman Tile Mural
PokeStop,39.978138,-75.152361,Bear Statue
PokeStop,39.982411,-75.154696,Beury Hall
PokeStop,39.983715,-75.148515,Bible Way of Deliverance
PokeStop,39.970432,-75.135906,Boom Room Mural
PokeStop,39.97922,-75.163458,ouvier St. Mural
PokeStop,39.977916,-75.153976,Bright Hope Baptist Church
PokeStop,39.963916,-75.139912,Busy Ants
PokeStop,39.972376,-75.137719,Butterfly Mural
PokeStop,39.97878,-75.157608,Cecil B. Moore Station
PokeStop,39.981499,-75.156245,Charles L. Blockson Afro-Ameri
PokeStop,39.976353,-75.162896,Chaysedachamp
PokeStop,39.963475,-75.142747,Chief Diamond Phillips
PokeStop,39.972403,-75.139103,Chula es Puebla Metal Art
PokeStop,39.963774,-75.144149,Church of St. Agnes - St. John Nepomucene
PokeStop,39.976213,-75.158074,Citizens Bank
PokeStop,39.965069,-75.139584,Climbing Art
PokeStop,39.982523,-75.152961,College of Engineering - Temple University
PokeStop,39.975007,-75.15897,Columbia North YMCA
PokeStop,39.965448,-75.143314,Concrete Post Art
PokeStop,39.980305,-75.157298,Conwell Hall
PokeStop,39.981646,-75.156055,Conwell Inn - Temple University
PokeStop,39.964923,-75.144057,David Bustill Bowser (1880-1900)
PokeStop,39.983585,-75.159235,Daycare Mural
PokeStop,39.985051,-75.157797,Defend the Future
PokeStop,39.976053,-75.160432,Desert Oasis
PokeStop,39.985485,-75.162862,Diamond Park and gate
PokeStop,39.964986,-75.143022,Dog Faces Mural
PokeStop,39.984379,-75.164968,Dove Of Hope Mural
PokeStop,39.978993,-75.156306,Education Social Administration Building
PokeStop,39.983476,-75.158311,Edward Rosen Hillel Center
PokeStop,39.972496,-75.162637,Emmanuel Apostolic Church of God
PokeStop,39.970079,-75.178189,Emmanuel M.E. Church Historical Cornerstone
PokeStop,39.981623,-75.144128,Emoji Mural: Diversity on TV
PokeStop,39.985219,-75.161192,Epiphany Fellowship Church
PokeStop,39.97735,-75.146465,Evangelistic New Born Holiness Church
PokeStop,39.972606,-75.161458,Faith and Deliverance Outreach Ministries
PokeStop,39.980941,-75.163539,Faith Tabernacle Church
PokeStop,39.977676,-75.14822,Family Mural
PokeStop,39.963377,-75.142983,Fish Fence
PokeStop,39.971819,-75.128554,Fishbowl to rec
PokeStop,39.970965,-75.135731,Fishtown American Flag Mural
PokeStop,39.970415,-75.134369,Fishtown Tavern
PokeStop,39.965419,-75.141171,Flower Power
PokeStop,39.989068,-75.153621,Flower Wall Art
PokeStop,39.964448,-75.143321,Flowers Mural
PokeStop,39.97445,-75.158997,Freedom Theater
PokeStop,39.977174,-75.157946,Fresh Grocer Murals
PokeStop,39.983514,-75.14634,Garden Mural
PokeStop,39.971565,-75.15961,Girard Station
PokeStop,39.981348,-75.152795,Gladfelter Hall
PokeStop,39.969964,-75.176304,Gog and Magog
PokeStop,39.978822,-75.161898,Greater Love Baptist Church
PokeStop,39.984097,-75.164347,Greenwood Community Baptist Church
PokeStop,39.972598,-75.137365,Hancock Playground
PokeStop,39.980304,-75.145917,Happy
PokeStop,39.964914,-75.138121,Highway Garden Mural
PokeStop,39.964488,-75.137473,Highway Lily
PokeStop,39.979617,-75.164544,Holy Bible Church of Christ
PokeStop,39.963089,-75.142098,Holy Trinity Romanian Orthodox Church
PokeStop,39.987138,-75.149036,House of Prayer
PokeStop,39.979773,-75.155243,Howard Gittis Student Center - Temple University
PokeStop,39.972026,-75.164396,In Memory of Fireman John F Weres
PokeStop,39.975811,-75.157166,Indego Bicycle Mural
PokeStop,39.97484,-75.16233,Ingersoll Park
PokeStop,39.978562,-75.178897,Jefferson Street Ballparks
PokeStop,39.982549,-75.156476,Johnnie Ring Statue
PokeStop,40.002372,-75.148716,King Jame
PokeStop,39.965043,-75.140397,King Of The Jungle
PokeStop,39.971662,-75.135179,Kurt Vile Wakin On A Pretty Daze
PokeStop,39.971256,-75.134366,La Colombe Torrefaction
PokeStop,39.964391,-75.144323,La Maude Mural
PokeStop,39.985232,-75.158738,Ladybug
PokeStop,39.965289,-75.137246,Laurel Street Flowers
PokeStop,39.97022,-75.161309,Legendary Dixie Hummingbirds
PokeStop,39.982559,-75.155836,Liacourse Walk Hall
PokeStop,39.965333,-75.142343,Liberty Lands Cinema Verde
PokeStop,39.965755,-75.141802,Liberty Lands City Harvest Plot
PokeStop,39.986193,-75.154715,Makkah Masjid
PokeStop,39.985306,-75.154409,McDonalds Loves Schools
PokeStop,39.977324,-75.146921,Medical Diagnostic Center
PokeStop,39.978491,-75.158853,Memorial Mural
PokeStop,39.97085,-75.134232,Metal Birds
PokeStop,39.981733,-75.146132,Mid-town Parish United Methodist Church
PokeStop,39.988096,-75.157211,Moore's Memorial Baptist Church
PokeStop,39.978516,-75.157634,Morgan Hall Tower - Temple University
PokeStop,39.979257,-75.167437,Morning Star Holiness Church
PokeStop,39.982787,-75.16644,Mosaic Poem With Painting
PokeStop,39.968969,-75.178649,Mosaic Wall Memorial
PokeStop,39.975506,-75.15838,Mount Olive Holy Temple
PokeStop,39.983649,-75.14774,MPCOD Church
PokeStop,39.97204,-75.163055,Mt. Sharon Baptist Church
PokeStop,39.973612,-75.162805,Mt. Zion Holy Tabernacle
PokeStop,39.976001,-75.153131,Mt. ZIon Methodist Church
PokeStop,39.964181,-75.140899,Mural
PokeStop,39.979291,-75.164524,Mystery Family Mural
PokeStop,39.974972,-75.163127,National Temple Baptist Church
PokeStop,39.976036,-75.164121,New Generation Church of Christ
PokeStop,39.963582,-75.139257,New Market Mural
PokeStop,39.988046,-75.156674,New Psalmist Baptist Church
PokeStop,39.968395,-75.175211,New Saint John Baptist Church
PokeStop,39.985529,-75.156153,Newman Center Roman Catholic Church
PokeStop,39.997428,-75.120521,No Puede Hacer Solo
PokeStop,39.98241,-75.149855,Norris Homes
PokeStop,39.982261,-75.150168,Norris Street Martin Luther King Mural
PokeStop,39.977519,-75.161331,North Philadelphia Seventh Day Adventist Church
PokeStop,39.985789,-75.151844,Obama Wins Mural
PokeStop,39.97791,-75.160495,Open Door Community Church
PokeStop,39.981204,-75.14874,Paseo Verde Maker
PokeStop,39.983299,-75.156597,Peabody Hall - Temple University
PokeStop,39.984893,-75.145628,Peace And Unity Murals
PokeStop,39.983502,-75.156127,Peleg Spire Art
PokeStop,39.982728,-75.154207,Penrose Community Center
PokeStop,39.972615,-75.162448,Pentecostal Experience of True Word Ministries
PokeStop,39.996486,-75.150083,People think a rock is something stationary on the ground
PokeStop,39.98768,-75.155674,Philadelphia Doll Museum
PokeStop,39.977169,-75.136779,Pokemon go
PokeStop,39.981741,-75.156977,Polette Walk Arch
PokeStop,39.97833,-75.148113,R.W. Brown Community Center
PokeStop,39.963108,-75.144461,Random Tea Room and Curiousity Shop
PokeStop,39.971426,-75.156131,Rite Aid
PokeStop,39.986894,-75.147308,Roof Of Windows
PokeStop,39.974426,-75.153262,Saint Malachy Church
PokeStop,39.971974,-75.153767,Saint Malachy Murals
PokeStop,39.970307,-75.148782,Samba Church
PokeStop,39.980931,-75.153819,Samuel Paley Library
PokeStop,39.983801,-75.154731,School of Media and Communications - Temple University
PokeStop,39.981509,-75.153298,Science Education and Research Center
PokeStop,39.974709,-75.161303,Shiloh Apostolic Temple
PokeStop,39.986618,-75.155888,Shiloh Temple Community COGIC
PokeStop,39.977932,-75.159813,Siegmund Lubin
PokeStop,39.974148,-75.162466,"Soak It Up, Philly"
PokeStop,39.983779,-75.156915,Star of David Wall
PokeStop,39.980121,-75.153136,Starbucks
PokeStop,39.983015,-75.155932,Stone Temple University
PokeStop,39.963972,-75.138025,Sunflower Mural
PokeStop,39.98039,-75.153476,Tech Center- Temple University
PokeStop,39.980758,-75.151354,Temple Commuter Lounge
PokeStop,39.979818,-75.166123,Temple of Praise Baptist Church
PokeStop,39.981471,-75.155821,Temple Owl
PokeStop,39.980973,-75.152046,Temple Owl Security Post
PokeStop,39.980448,-75.158884,Temple Sports Graphic
PokeStop,39.978888,-75.156948,Temple Stone Artwork
PokeStop,39.979326,-75.155319,Temple Student Center
PokeStop,39.982991,-75.157076,Temple Student Garden
PokeStop,39.980651,-75.155076,Temple U Tuttleman Learning Center
PokeStop,39.980791,-75.157614,Temple University Fitness Center
PokeStop,39.982505,-75.158585,Temple University Gym
PokeStop,39.979755,-75.153123,Temple University Police Department
PokeStop,39.980347,-75.150369,Temple University Post Office
PokeStop,39.97691,-75.179685,The Abundant City
PokeStop,39.964544,-75.142668,The Clock Tower
PokeStop,39.98939,-75.15623,The Domino Players Mural
PokeStop,39.97609,-75.161853,The Friendly Church
PokeStop,39.973288,-75.160188,The Sharing Mural
PokeStop,39.982659,-75.152198,These City Streets
PokeStop,39.986846,-75.159313,Tire-D Characters
PokeStop,39.980725,-75.16231,To Serve and Protect
PokeStop,39.983157,-75.155157,Tomlison Theater
PokeStop,39.972127,-75.163671,Tribute To Dox Thrash Revisited Mural
PokeStop,39.981331,-75.154365,TU - Bell Tower
PokeStop,39.978511,-75.155552,TU Weiss Map
PokeStop,39.981288,-75.154607,TUbigchaircherry
PokeStop,39.981479,-75.154609,TUbigchairwhite
PokeStop,39.975955,-75.158116,United Bank of Philadelphia
PokeStop,39.979232,-75.161518,Universal Negro Improvment Association
PokeStop,39.987202,-75.156171,Uptown Music Mural
PokeStop,39.963191,-75.137946,UYRS Art
PokeStop,39.987872,-75.149098,Village Eagles Youth Park
PokeStop,39.980865,-75.157196,Wachman Hall
PokeStop,39.981647,-75.160486,We Must Be The Change Mural
PokeStop,39.972026,-75.136607,Welcome To South Kensington Mural
PokeStop,39.982206,-75.16129,Willington St Mural
PokeStop,39.988752,-75.157806,Winchester Recreation Center
PokeStop,39.972345,-75.135789,Winter Swiftly Aproaches
PokeStop,39.972145,-75.150205,Woman Holding Child Mural
PokeStop,39.987919,-75.15477,Working Together We Can Save Our Community
PokeStop,39.962996,-75.145523,Zimmrrman Co Building
Nest,39.978796,-75.156162,Pokemon Nest
Nest,39.983469,-75.156147,Pokemon Nest
Nest,39.965852,-75.168391,Pokemon Nest
Nest,39.966736,-75.137258,Pokemon Nest
Nest,39.978776,-75.156973,Pokemon Nest
Gym,40.005824,-75.08076,Falcon Tavern
Gym,40.005725,-75.075996,Memorial Monument
EX Raid Gym,40.001531,-75.025198,Palmyra Veterans and Service Members Memorial
Gym,40.003136,-75.068153,Philadelphia Vietnam Memorial Society
Gym,40.007574,-75.078378,Primer Iglesia Hispana
Gym,40.052281,-75.201706,Allen's Lane Park
Gym,40.027824,-75.212182,Baseball Field 2
Gym,40.046672,-75.195708,Big Blue Marble Bookstore
Gym,40.046565,-75.192533,C. Delores Tucker (1927-2005)
Gym,40.04907,-75.192672,Church of the Annunciation
Gym,40.035304,-75.227063,Church of the Living Savior
Gym,40.048298,-75.181396,Cliveden
Gym,40.029381,-75.20596,Dalessandro's
Gym,40.03049,-75.219961,Fairview Park
Gym,40.031529,-75.233603,Fish Mural 2
Gym,40.028993,-75.230657,Flat Rock Road Bridge
Gym,40.03426,-75.232176,Germany Hill Park
Gym,40.036951,-75.219811,Gorgas Park
Gym,40.037075,-75.220447,Gorgas Park
Gym,40.036552,-75.221629,Gorgas Park Pavillion
Gym,40.045487,-75.182745,Grace Baptist Church of Germantown
Gym,40.047567,-75.180913,Historic Revolutionary Tree Memorial
Gym,40.017061,-75.20559,Hundred Steps Plaque
Gym,40.041579,-75.227659,In Memory of Officer Joseph Kelly
Gym,40.049382,-75.183692,It's All About Community...
Gym,40.022396,-75.218731,Manayunk Brewing Company
Gym,40.016794,-75.210042,Monument
Gym,40.049021,-75.196502,Ned Wolf Park
Gym,40.036786,-75.219355,Nicholas and David Myers Memorial Bench
Gym,40.036815,-75.219629,Nicholas and David Myers Memorial Bench
Gym,40.036443,-75.279361,Odd Fellows Cemetery
Gym,40.046093,-75.217552,Pachella Memorial Field Park
Gym,40.025637,-75.221283,Pretzel Park Pretzel Sculpture
Gym,40.044528,-75.249825,Shawmont Roll of Honor Memorial
Gym,40.027766,-75.210418,St. Timothy's Church
Gym,40.009108,-75.279119,Stone Railroad Tie
Gym,40.024343,-75.220946,The Realist (Sad Man)
Gym,40.051665,-75.185398,True Word Church
Gym,40.019764,-75.210434,Wissahickon Presbyterian Church
PokeStop,40.029009,-75.212904,Baseball Field 1
PokeStop,40.030051,-75.216767,Bethany Lutheran Church
PokeStop,40.008671,-75.186741,Burke Memorial
PokeStop,40.044323,-75.200129,Carpenter's Woods
PokeStop,40.022601,-75.220231,Catfish Brick
PokeStop,40.037546,-75.222152,"Choban Hoxha In Loving Memory Of ""Pretzel Pete"""
PokeStop,40.050556,-75.191095,Commodore John Barry Club
PokeStop,40.022925,-75.220979,Cormorant Brick
PokeStop,40.007916,-75.232192,Cynwyd Dragon Sculpture
PokeStop,40.007187,-75.231797,Cynwyd Heritage Trail Start
PokeStop,40.009143,-75.270482,Doctor Thomas Wynne
PokeStop,40.036822,-75.220531,"Dominic P. Bonacci, Jr"
PokeStop,40.03615,-75.221004,"Dominich Bonacci, Jr"
PokeStop,40.035037,-75.217144,Foxhole Mural
PokeStop,40.028934,-75.213358,Galilee Baptist Church
PokeStop,40.036335,-75.221543,Gorgas Park Playground
PokeStop,40.036946,-75.220112,Historic Plaque inside the park
PokeStop,40.025554,-75.219387,Holy Sculptures
PokeStop,40.037377,-75.221225,Joseph Friel Police Memorial
PokeStop,40.027161,-75.220687,Josie D Heard AME Church
PokeStop,40.022241,-75.219199,Krook Fountain
PokeStop,40.022726,-75.219146,Look Long Painting
PokeStop,40.023091,-75.220045,Manayunk Canal Plaque
PokeStop,40.023392,-75.219978,Manayunk Canal Tow Path
PokeStop,40.024843,-75.221719,Manayunk Woman Mural
PokeStop,40.009366,-75.185527,McDermott Rec Center
PokeStop,40.036568,-75.219344,Memorial for Town Historian
PokeStop,40.023184,-75.219451,New Umbria Baptist Church
PokeStop,40.01446,-75.207328,Philadelphia Canoe Club
PokeStop,40.024504,-75.222642,Reflections of Canal Stoop Art
PokeStop,40.024081,-75.222082,Roses Step Art
PokeStop,40.044232,-75.196277,Sadie T. M. Alexander
PokeStop,40.025339,-75.219505,St. John Statue
PokeStop,40.02498,-75.220213,St. John the Baptist Church
PokeStop,40.027772,-75.210009,St. Timothy's Church Little Library
PokeStop,40.045719,-75.1947,Summit Presbyterian Church
PokeStop,40.02604,-75.221625,The Beatitudes
PokeStop,40.029098,-75.218038,The Belltower
PokeStop,40.023768,-75.220153,The Goats Beard
PokeStop,40.046154,-75.195923,The High Point Cafe
PokeStop,40.024584,-75.221631,Turtle Compactor
PokeStop,40.023539,-75.221276,Turtle Mural Steps
PokeStop,40.023897,-75.222839,Venice Island Legacy Stone
PokeStop,40.023341,-75.220737,Wheel Step Art
PokeStop,40.0237,-75.22234,Wire Flame
Nest,40.02524,-75.22119,Pokemon Nest
Nest,40.037226,-75.222016,Pokemon Nest
Nest,40.015856,-75.21175,Pokemon Nest
Nest,40.0367,-75.221007,Pokemon Nest
Gym,40.05077,-75.177512,Cliveden Park
Gym,40.009049,-75.13774,King unknown
Gym,40.03857,-75.153559,McSwain Hall
Gym,40.042119,-75.179886,New Bethel African Methodist Episcopal Church
Gym,40.047394,-75.163189,New Gethsemane Baptist Church
Gym,40.044544,-75.166402,Sheppard’s Heart Ministry Church
Gym,40.04501,-75.16389,Why Not Prosper
PokeStop,40.035707,-75.152787,Hank DeVincent Field
PokeStop,40.039175,-75.154162,La Salle Art Museum
PokeStop,40.0381,-75.154164,La salle University McCarthy Stadium
PokeStop,40.039093,-75.154714,Library
PokeStop,40.038515,-75.154522,McHale Crossway
PokeStop,40.029821,-75.123224,Nice neighborhood
PokeStop,40.033331,-75.122768,Olney Train Station
PokeStop,40.03904,-75.153367,Saint Jean Baptiste De La Salle
PokeStop,40.035721,-75.155601,Statue
PokeStop,40.032677,-75.154628,Winter Woods Fairmount
Gym,40.015783,-75.084354,1900 Frame Of Kensington
Gym,40.020467,-75.080491,Aria Mural
Gym,40.0105,-75.069687,Bridesburg Railway Station
Gym,40.023572,-75.076715,Cedar Hill Cemetry
Gym,40.027508,-75.060262,Chickles and Pete's
Gym,40.008338,-75.089396,Christ Independent Baptist Church
Gym,40.013129,-75.086832,Community Mural
Gym,40.026456,-75.032405,Cottman Castle Ruins Mural
Gym,40.017205,-75.059184,Crossroads Community Church
Gym,40.038729,-75.035799,D & J Costume Characters Mural
Gym,40.011518,-75.094836,Dinosaur Mural
Gym,40.028699,-75.042608,Disston Memorial Church
Gym,40.045021,-75.091435,F-14A Tomcat
Gym,40.040142,-75.076457,Fa Yuan Temple Lion
Gym,40.033776,-75.079815,First Ukrainian of Evangelical
Gym,40.014197,-75.07738,Follow the Hills
Gym,40.015685,-75.084997,Frankford Library
Gym,40.02326,-75.077348,Frankford Terminal
Gym,40.013228,-75.069226,Go Get Em Eagles
Gym,40.027401,-75.061491,Grey Lodge Pub 1950
Gym,40.045284,-75.092186,Harrier Jet
Gym,40.01188,-75.087798,Iglesia Pentecostal Church
Gym,40.017681,-75.065449,Jesus Statue
EX Raid Gym,40.035994,-75.053758,Johnson Memorial Methodist Church
Gym,40.01727,-75.09048,Kingdom Hall of Jehovahs Witnesse
Gym,40.050474,-75.097475,Korean Church
Gym,40.046162,-75.100029,Lawncrest Library
Gym,40.024718,-75.042495,Logos Tephillah House
Gym,40.016777,-75.083946,Margaret and Orthodox Station
Gym,40.044405,-75.055804,Masjid Al-Fruqan
Gym,40.037628,-75.038252,Mayfair Diner
Gym,40.042072,-75.03985,Mayfair Memorial Playground
Gym,40.042302,-75.043917,Mayfair VFW Memorial
Gym,40.043452,-75.090458,Memorial Schuykill Aresenal/Quartermaster Corps School
EX Raid Gym,40.026415,-75.068067,Mile Maker 6T
Gym,40.023375,-75.039539,Never Forget
Gym,40.024106,-75.095651,Oakland Cemetery
Gym,40.043978,-75.089772,Old Philadelphia Quartermaster
Gym,40.025823,-75.037501,Our Lady of Consolation Church
Gym,40.037177,-75.090051,Oxford Circle Mennonite Church
Gym,40.018947,-75.081425,Pathway Evangelistic Church
Gym,40.050532,-75.035999,Pennypack park
Gym,40.020894,-75.051126,Philadelphia Flyers Mural
Gym,40.028822,-75.094739,Play Sports Mural
Gym,40.010672,-75.089064,Pretty Pink Mosiac
Gym,40.03932,-75.033531,Pub 36
Gym,40.011091,-75.063154,Red and Blue Water Tower
Gym,40.046257,-75.056974,Roosevelt Mall
Gym,40.034477,-75.035287,Saint Bernard Catholic Church
Gym,40.031952,-75.085545,Saint Martins Catholic Church
Gym,40.010311,-75.0793,Second Chance Community Church
Gym,40.030219,-75.033971,Space Artwork
Gym,40.018864,-75.049067,Space Oddity
Gym,40.030399,-75.035098,St. Joseph Convent
Gym,40.041842,-75.050097,St. Matthew Church
Gym,40.034474,-75.044807,Stein Flowers
Gym,40.026431,-75.042758,Tacony Lab
Gym,40.025306,-75.045118,Tacony Library
Gym,40.025906,-75.050697,Tacony Masonic Temple
Gym,40.009267,-75.073582,The Cathedral Baptist Worship
Gym,40.011642,-75.070095,The Chateau
Gym,40.038947,-75.069848,The Cheese Giraffe
Gym,40.014986,-75.085427,The Church of Jesus Christ of Latter Day Saints
Gym,40.020853,-75.04382,The Heart of Tacony
Gym,40.013491,-75.083367,The Prayer Room
Gym,40.033119,-75.04868,Twistee Treat
Gym,40.038926,-75.080427,United Church of Christ
EX Raid Gym,40.023322,-75.070231,Wiss rec center
Gym,40.016703,-75.060734,Wissinoming Presbyterian Church
Gym,40.008453,-75.09093,Womrath Park
Gym,40.024846,-75.088699,World War Memorial
PokeStop,40.027384,-75.061984,Abraham Lincoln Mural
PokeStop,40.035946,-75.042809,American Flag Mural
PokeStop,40.033858,-75.045848,Art History
PokeStop,40.017673,-75.059216,Boost mobile
PokeStop,40.038565,-75.078614,Bushrod Library
PokeStop,40.033147,-75.035363,Catholic Social Services
PokeStop,40.025528,-75.073357,Cedar Hill Cemetery
PokeStop,40.02807,-75.058626,Devon Theater
PokeStop,40.028173,-75.043638,Disston Recreation Center
PokeStop,40.030276,-75.093269,Edward Houseman Recreation Center
PokeStop,40.037854,-75.03815,G&T Deli Gate Mural
PokeStop,40.022636,-75.061598,Grace City Church
PokeStop,40.038967,-75.035193,Groomin' Room Gate Mural
PokeStop,40.016013,-75.075374,Keep the Faith Ministries
PokeStop,40.032724,-75.052049,Knights of Columbus hall
PokeStop,40.049825,-75.095705,Larry's Steaks
PokeStop,40.032593,-75.085609,Loretta and Cheltenham ave
PokeStop,40.027491,-75.06089,Love Transforms
PokeStop,40.02372,-75.053122,Magnolia Cemetery
PokeStop,40.041631,-75.04959,Mary Joseph ano Jesus statue
PokeStop,40.038474,-75.069172,Max Myers
PokeStop,40.025462,-75.072209,Mount Caramel Cemetery
PokeStop,40.038483,-75.036035,Philadelphia Ghana 7th Day Adventist Church
PokeStop,40.039283,-75.034313,Philly Special Mural
PokeStop,40.036782,-75.040312,Post Office
PokeStop,40.026514,-75.053616,Roosevelt Playground
PokeStop,40.030536,-75.034526,Saint Hubert and Bambi
PokeStop,40.050573,-75.094903,Salvation Army
PokeStop,40.037419,-75.039352,Slicing Pizza Mural
PokeStop,40.037624,-75.038831,Smokers Hut Gate Mural
PokeStop,40.037119,-75.040483,Sprint
PokeStop,40.037253,-75.052661,St John's Evangelical Lutheran Church
PokeStop,40.030777,-75.061147,St. Timothy Roman Catholic Church
PokeStop,40.030408,-75.034821,Statue of Mary
PokeStop,40.02581,-75.041457,Tacony Baptist Church
PokeStop,40.030141,-75.035672,Torresdale Loop Bus Stop
PokeStop,40.032461,-75.064237,US Post Office - Boulevard Station
PokeStop,40.028378,-75.050075,"Vogt Playground, Tacony"
PokeStop,40.030408,-75.063486,Westminster Mayfair Presbyterian Church
PokeStop,40.025676,-75.071436,Wissinoming Park
Nest,40.024185,-75.068412,Pokemon Nest
Gym,40.041555,-75.027319,Athenaeum 1850
Gym,40.042976,-75.023403,Emmanuel Resurrection Episcopal Church
Gym,40.036598,-74.95378,First Moravian Church
Gym,40.045086,-74.994403,Fish Hatchery Front Gate
Gym,40.041768,-74.997021,Fisherman Mural
Gym,40.028239,-75.011086,Gazebo at Riverview
Gym,40.041004,-75.02865,Holmesburg Baptist Church
Gym,40.032823,-75.024111,Holmesburg Junction
Gym,40.041895,-75.026488,Holmesburg Post 178
Gym,40.036158,-75.026751,Holmesburg Recreation Center
Gym,40.042737,-75.024948,Holmesburg United Methodist Church
Gym,40.041103,-75.024573,Mount Zion Baptist Church
Gym,40.026136,-75.015775,Pennypack on the Delaware
Gym,40.047936,-75.023596,Philadelphia Vietnam Memorial
EX Raid Gym,40.048602,-75.027673,Ruins at Pennypack Park
Gym,40.046138,-75.01615,St. Dominic Church
Gym,40.040565,-75.01548,The Ashburner Inn
Gym,40.039309,-74.959212,The Clocktower
Gym,40.051813,-75.001672,Torresdale Boys Club
Gym,40.035261,-74.960287,Zion Lutheran Church
PokeStop,40.042754,-75.023983,Alien and Antique Water Heater
PokeStop,40.041571,-75.028177,Bank Clock
PokeStop,40.046222,-75.025793,James J. Ramp Playground
PokeStop,40.040758,-74.994993,Pearl Harbor Survivors
PokeStop,40.043731,-75.021569,Pennypack Creek Bridge
PokeStop,40.036322,-75.005229,Police Military Memorial
PokeStop,40.048178,-75.024193,Ramp Playground
PokeStop,40.040758,-75.01453,Tate's Good Food
PokeStop,40.04392,-75.022813,"US Post Office, Frankford Ave, Philadelphia"
Nest,40.040362,-74.993764,Pokemon Nest
Nest,40.030506,-75.010014,Pokemon Nest
Gym,40.058686,-75.240201,21st Ward Softball Field
Gym,40.057578,-75.194925,Allen Lane Train Station
Gym,40.066545,-75.196474,Cresheim Valley Dedication
Gym,40.058235,-75.210643,Grey Abstract Sculpture
Gym,40.076936,-75.208114,Hideaway Music
Gym,40.075713,-75.205656,Hiram Lodge
Gym,40.064697,-75.237996,I.H.M
Gym,40.056683,-75.187758,Lovett Memorial Library
Gym,40.061503,-75.191867,Lutheran Theological
Gym,40.083016,-75.231733,Mr Bill's bench
Gym,40.058571,-75.18941,Mt. Airy Presbyterian
Gym,40.074636,-75.207816,Old Chestnut Hill Firehouse
EX Raid Gym,40.071662,-75.204344,Pastorius Park
Gym,40.05945,-75.210021,Rusted Curl Sculpture
Gym,40.065968,-75.204609,St. Martins Train Station
Gym,40.079352,-75.209075,St. Paul's Episcopal Church
Gym,40.060977,-75.191481,William Allen Home
Gym,40.075823,-75.20635,Wm. A. Kilian Hardware Co.
PokeStop,40.073307,-75.210575,Abstract Sculpture
PokeStop,40.073435,-75.20262,Buckley Park
PokeStop,40.080929,-75.207649,Chestnut Hill East Station
PokeStop,40.07733,-75.209485,Chestnut Hill Historical Society
PokeStop,40.078069,-75.211409,Chestnut Hill United Church
PokeStop,40.076279,-75.2083,Chestnut Hill West Train Station
PokeStop,40.074672,-75.204832,Children's Wall Art
PokeStop,40.074278,-75.203963,Christ Ascension Lutheran Church
PokeStop,40.080027,-75.207991,Clock 1866
PokeStop,40.076682,-75.207279,Decorative Sculpture
PokeStop,40.077988,-75.207191,Engraved/Inlaid Decorative Bench
PokeStop,40.07783,-75.209384,Free Library of Philadelphia
PokeStop,40.070651,-75.211347,Highland Train Station
PokeStop,40.073955,-75.20252,Light Fountain on the Hill
PokeStop,40.068371,-75.203288,Miles to Philadelphia (1939) Marker
PokeStop,40.078644,-75.208407,Nina Cooke Emlen Cochran Memorial
PokeStop,40.07875,-75.209995,Our Mother of Consolation Catholic Church
PokeStop,40.069565,-75.215954,Rex Avenue Trail Entrance
PokeStop,40.082898,-75.251107,St. Peter’s
PokeStop,40.076326,-75.206798,Starbucks
PokeStop,40.077205,-75.208857,Tavern on the Hill
PokeStop,40.07488,-75.204065,The Children's Park in Chestnut Hill
PokeStop,40.084117,-75.25013,The General
PokeStop,40.077565,-75.208946,Top of the Hill Fountain Plaza
PokeStop,40.077035,-75.20676,Top Of The Hill Painted Pig
PokeStop,40.073699,-75.202868,VFW Post 5205 - Chestnut Hill
PokeStop,40.073127,-75.215659,Wissahickon Valley Park
Gym,40.077117,-75.085301,Beer Garden
Gym,40.052552,-75.092529,Bethany United
Gym,40.071471,-75.090061,Broken Rod Sculpture
Gym,40.076286,-75.08515,Fox Chase Clock
Gym,40.060283,-75.085167,Fox Chase Post Office
Gym,40.05807,-75.085706,Morningstar Church
Gym,40.054318,-75.08621,Old Trinity Church
Gym,40.056724,-75.093328,Rising Sun VFW
Gym,40.066561,-75.09181,Ryers Museum and Library Fairmount Park
EX Raid Gym,40.068633,-75.088636,Ryerss Museum & Library
Gym,40.071734,-75.090137,Stacked Cans
PokeStop,40.067316,-75.093133,Burholme Family Fun Center
PokeStop,40.06706,-75.089241,Pavilion at Picnic Area #1
PokeStop,40.069827,-75.092044,Picnic Area #5
PokeStop,40.05863,-75.086888,Vintage Steel Microphone Sculpture
Nest,40.069825,-75.093252,Pokemon Nest
Gym,40.088521,-75.028027,Anne Frank Mural
Gym,40.063868,-75.041074,Boulevard Seventh-Day Adventist Church
Gym,40.080403,-75.06796,Champions Park
Gym,40.062406,-75.051094,Checkerboard Pathway
Gym,40.061807,-75.058283,Christian Congregation in the United States
Gym,40.091402,-75.047908,Church or something
Gym,40.076915,-75.084321,Cow Sign
Gym,40.05876,-75.052645,Flames House
Gym,40.074172,-75.08253,Fox Chase Playground Memoria
Gym,40.074525,-75.082605,Fox Chase Sea Serpent
Gym,40.056847,-75.016022,Free Library of Philadelphia
Gym,40.055829,-75.029819,Gazeo at Immaculate Mary
EX Raid Gym,40.056354,-75.022191,Greenbelt Knoll
Gym,40.058317,-75.038821,Holme Cultural Center
Gym,40.057726,-75.076865,Holy Flock
Gym,40.060813,-75.082455,Immanuel Lutheran Church
Gym,40.052667,-75.064859,Jesus cristo E O Senhor
Gym,40.072669,-75.074987,Knowlton Mansion
Gym,40.086715,-75.03572,Lifeway Baptist Church
Gym,40.077497,-75.04308,Maternity BVM Roman Catholic Church
Gym,40.080354,-75.037018,Memorial Church of St. Luke's
Gym,40.070691,-75.050204,Orient Emerging From Its Cocoon
Gym,40.066758,-75.050751,Pegasus Riding Academy
EX Raid Gym,40.089818,-75.069634,Pennypack Entrance 1
EX Raid Gym,40.085525,-75.060139,Pennypack Entrance 2
EX Raid Gym,40.087401,-75.058615,Pennypack Environmental Center
EX Raid Gym,40.07685,-75.063008,Pennypack Trail Marker PP175
Gym,40.057652,-75.066919,Philadelphia First Church of the Nazarene
Gym,40.088825,-75.033746,Philadelphia Full Gospel Assembly
Gym,40.059614,-75.051534,Redemption Church
Gym,40.081191,-75.038756,Saint Peter and Paul Orthodox Church
Gym,40.083849,-75.063314,St Stephen's Orthodox Cathedral
Gym,40.096581,-75.023854,St. Peter's Syriac Orthodox Cathedral
Gym,40.061618,-75.055257,The American Legion Rhawnhurst Castor Memorial
Gym,40.072846,-75.037227,Twin Gazebo
Gym,40.090254,-75.060954,Welcome to Penny Pack Park
PokeStop,40.08883,-75.071919,Fox Chase Farm
PokeStop,40.056287,-75.07544,Jardel Recreation Center
PokeStop,40.07181,-75.068835,Pennypack Park - Tabor Ave Entrance
PokeStop,40.080068,-75.068005,Pennypack Park sign
PokeStop,40.065166,-75.03917,Pennypack Recreation Path - Phase II
PokeStop,40.053847,-75.077082,Pentecostal Church of Philadelphia
PokeStop,40.069295,-75.008104,Starbucks Pokestop
Nest,40.086024,-75.06015,Pokemon Nest
Nest,40.091137,-75.020063,Pokemon Nest
Nest,40.057254,-75.076437,Pokemon Nest
Gym,40.077283,-74.985616,Benjamin Rush House of Birth
Gym,40.061511,-74.988341,Holy Family University
Gym,40.06032,-74.990187,Holy Family University Sign
Gym,40.084306,-74.973605,Katherine Drexel Library
Gym,40.09471,-74.989672,Michael Palmer Playground
Gym,40.068679,-74.992139,Mitchell Playground
Gym,40.07936,-74.977784,Our Lady of Calvery Church
Gym,40.087003,-74.99966,Philadelphia Soccer Club
Gym,40.059935,-74.991925,Saint Katherine of Siena Roman
Gym,40.053907,-74.9839,Three Monkeys
Gym,40.05922,-74.998598,Torresdale Playground Area
Gym,40.054802,-74.984457,Torresdale Station
Gym,40.080337,-74.997289,Walton Run
Gym,40.075264,-74.999306,Whitehall Baptist Church
PokeStop,40.067497,-74.987655,McAlister-Torresdale Presbyterian Church
PokeStop,40.08436,-74.974372,Northeast Family YMCA
PokeStop,40.068326,-74.991624,Swimming Pool Mural
Gym,40.11584,-74.975156,Bird Day
Gym,40.12973,-75.016354,Calvery Chapel Church
Gym,40.10519,-75.02821,Congregation Beth Emmanuel
Gym,40.103007,-74.968729,Elephants
Gym,40.127704,-75.020957,Forrest Hills Station
Gym,40.110417,-75.024193,Giant Diamond
Gym,40.11781,-74.98081,Insects
Gym,40.114839,-75.021,Korean Reformed Presbyterian Church
Gym,40.114807,-74.988985,Old Byberry Asylum Building
Gym,40.102679,-74.98244,Painters Union Hall
Gym,40.123635,-75.011505,Parish Church of St. Christopher
Gym,40.102235,-75.020742,Raymond and Miriam Klein Mural
Gym,40.123405,-75.015292,Red Lion Statue
Gym,40.130698,-75.012122,Somerton Station
Gym,40.12612,-75.014198,Somerton United Methodist Church
Gym,40.103204,-75.051513,St. Thomas Syro-malabar Catholic Church
Gym,40.101339,-75.007521,Starbucks
Gym,40.116185,-74.97331,Trees
Gym,40.099363,-75.029562,"US Post Office, Bustleton Avenue, Philadelphia, PA"
PokeStop,40.108534,-75.025629,Aldo’s Pizzarama
PokeStop,40.1184,-74.980241,Animals
PokeStop,40.127042,-75.018328,Carousel Station Building C Gazebo
PokeStop,40.100039,-75.04542,Congregations of Shaare Shamayim
PokeStop,40.107867,-75.026304,Free Library of Philadelphia Bustleton Branch
PokeStop,40.108947,-75.025568,Luck of the Irish Clover Mural
PokeStop,40.104473,-75.051675,Seven Mile Road Church
PokeStop,40.102572,-74.97198,St. Anslem Church
Nest,40.116205,-74.979384,Pokemon Nest
Gym,40.103992,-74.967334,memorial
PokeStop,40.108154,-74.965559,Century Lane Bridge
PokeStop,40.103687,-74.967182,Coach Dick Hoffman Memorial Field
PokeStop,40.103089,-74.965466,Michael J. Gavaghan Memorial Field
